{"cameraMode":{"drawMode":0,"name":"Shaded","section":"Shading Mode"},"sceneLighting":true,"audioPlay":false,"sceneViewState":{"m_AlwaysRefresh":false,"showFog":true,"showSkybox":true,"showFlares":true,"showImageEffects":true,"showParticleSystems":true,"showVisualEffectGraphs":true,"m_FxEnabled":true},"in2DMode":false,"pivot":{"x":-0.08255580067634583,"y":0.9970492720603943,"z":-0.3240388333797455},"rotation":{"x":0.002213562373071909,"y":-0.9934190511703491,"z":0.019373316317796708,"w":0.11314667761325836},"size":0.40227171778678896,"orthographic":false}