{"cameraMode":{"drawMode":0,"name":"Shaded","section":"Shading Mode"},"sceneLighting":false,"audioPlay":false,"sceneViewState":{"m_AlwaysRefresh":false,"showFog":true,"showSkybox":true,"showFlares":true,"showImageEffects":true,"showParticleSystems":true,"showVisualEffectGraphs":true,"m_FxEnabled":true},"in2DMode":false,"pivot":{"x":0.15022839605808259,"y":0.5177347660064697,"z":-2.039611577987671},"rotation":{"x":-0.0006057656137272716,"y":-0.9994037747383118,"z":0.026991020888090135,"w":-0.02308492362499237},"size":1.7839908599853516,"orthographic":false}