{"cameraMode":{"drawMode":0,"name":"Shaded","section":"Shading Mode"},"sceneLighting":false,"audioPlay":false,"sceneViewState":{"m_AlwaysRefresh":false,"showFog":true,"showSkybox":false,"showFlares":true,"showImageEffects":true,"showParticleSystems":true,"showVisualEffectGraphs":true,"m_FxEnabled":true},"in2DMode":false,"pivot":{"x":-0.022137867286801339,"y":0.9122478365898132,"z":0.12587416172027589},"rotation":{"x":-0.002158351941034198,"y":0.997420072555542,"z":-0.06323090195655823,"w":-0.034125544130802158},"size":0.4394853115081787,"orthographic":false}