{"cameraMode":{"drawMode":0,"name":"Shaded","section":"Shading Mode"},"sceneLighting":false,"audioPlay":false,"sceneViewState":{"m_AlwaysRefresh":false,"showFog":true,"showSkybox":false,"showFlares":true,"showImageEffects":true,"showParticleSystems":true,"showVisualEffectGraphs":true,"m_FxEnabled":true},"in2DMode":false,"pivot":{"x":-0.07588955760002136,"y":1.1403412818908692,"z":-0.048726100474596027},"rotation":{"x":-0.0008307601674459875,"y":0.9985529780387878,"z":-0.051280416548252109,"w":-0.016177024692296983},"size":0.31187620759010317,"orthographic":false}