{"cameraMode":{"drawMode":0,"name":"Shaded","section":"Shading Mode"},"sceneLighting":false,"audioPlay":false,"sceneViewState":{"m_AlwaysRefresh":false,"showFog":true,"showSkybox":false,"showFlares":true,"showImageEffects":true,"showParticleSystems":true,"showVisualEffectGraphs":true,"m_FxEnabled":true},"in2DMode":false,"pivot":{"x":0.3861136734485626,"y":0.39527562260627749,"z":-1.5918941497802735},"rotation":{"x":0.0032758438028395178,"y":0.9963701963424683,"z":-0.07217266410589218,"w":0.04516594856977463},"size":1.4035770893096924,"orthographic":false}