{"cameraMode":{"drawMode":0,"name":"Shaded","section":"Shading Mode"},"sceneLighting":false,"audioPlay":false,"sceneViewState":{"m_AlwaysRefresh":false,"showFog":true,"showSkybox":false,"showFlares":true,"showImageEffects":true,"showParticleSystems":true,"showVisualEffectGraphs":true,"m_FxEnabled":true},"in2DMode":false,"pivot":{"x":5.960464477539063e-8,"y":0.6880554556846619,"z":0.007523477077484131},"rotation":{"x":-0.0008307601674459875,"y":0.9985529780387878,"z":-0.051280416548252109,"w":-0.016177024692296983},"size":0.4241362512111664,"orthographic":false}