{"cameraMode":{"drawMode":0,"name":"Shaded","section":"Shading Mode"},"sceneLighting":false,"audioPlay":false,"sceneViewState":{"m_AlwaysRefresh":false,"showFog":true,"showSkybox":false,"showFlares":true,"showImageEffects":true,"showParticleSystems":true,"showVisualEffectGraphs":true,"m_FxEnabled":true},"in2DMode":false,"pivot":{"x":-0.02738896757364273,"y":0.7601272463798523,"z":-0.013483709655702114},"rotation":{"x":-0.0008435936761088669,"y":0.996521532535553,"z":-0.08271075040102005,"w":-0.010163924656808377},"size":0.48053857684135439,"orthographic":false}